eventTime,eventSource,eventName,userName
2025-10-03T06:15:00Z,compute.googleapis.com,instances.start,dev-user
2025-10-05T09:30:00Z,iam.googleapis.com,serviceAccounts.create,admin-user
2025-10-07T11:45:00Z,storage.googleapis.com,buckets.create,storage-admin
2025-10-10T14:10:00Z,compute.googleapis.com,instances.stop,dev-user
2025-10-12T16:00:00Z,iam.googleapis.com,serviceAccounts.delete,security-admin
2025-10-15T08:25:00Z,storage.googleapis.com,buckets.delete,admin-user
2025-10-18T10:50:00Z,compute.googleapis.com,firewalls.insert,network-admin
2025-10-20T13:40:00Z,iam.googleapis.com,roles.update,security-admin
2025-10-24T17:05:00Z,storage.googleapis.com,objects.delete,storage-admin
2025-10-28T19:30:00Z,compute.googleapis.com,instances.reset,dev-user

2025-11-02T07:20:00Z,compute.googleapis.com,instances.start,dev-user
2025-11-04T10:15:00Z,iam.googleapis.com,serviceAccounts.update,admin-user
2025-11-06T12:00:00Z,storage.googleapis.com,buckets.update,storage-admin
2025-11-08T15:45:00Z,compute.googleapis.com,instances.stop,dev-user
2025-11-10T18:30:00Z,iam.googleapis.com,roles.create,security-admin
2025-11-12T09:10:00Z,storage.googleapis.com,objects.create,storage-admin
2025-11-15T11:55:00Z,compute.googleapis.com,firewalls.delete,network-admin
2025-11-18T14:40:00Z,iam.googleapis.com,serviceAccounts.disable,security-admin
2025-11-22T16:25:00Z,storage.googleapis.com,buckets.delete,admin-user
2025-11-26T20:00:00Z,compute.googleapis.com,instances.reset,dev-user

2025-12-01T06:10:00Z,compute.googleapis.com,instances.start,dev-user
2025-12-03T08:35:00Z,iam.googleapis.com,serviceAccounts.create,admin-user
2025-12-05T10:50:00Z,storage.googleapis.com,buckets.create,storage-admin
2025-12-07T13:15:00Z,compute.googleapis.com,instances.stop,dev-user
2025-12-09T15:40:00Z,iam.googleapis.com,roles.update,security-admin
2025-12-11T18:05:00Z,storage.googleapis.com,objects.delete,storage-admin
2025-12-13T09:25:00Z,compute.googleapis.com,firewalls.insert,network-admin
2025-12-15T11:45:00Z,iam.googleapis.com,serviceAccounts.delete,security-admin
2025-12-18T14:00:00Z,storage.googleapis.com,buckets.delete,admin-user
2025-12-22T17:30:00Z,compute.googleapis.com,instances.reset,dev-user

